<?xml version="1.0" encoding="UTF-8" standalone="yes"?>
<addon id="repository.prf2"
       name="PRF2 Repository"
        version="0.0.1"
        provider-name="PistachePoilue, rayflix">
    <extension point="xbmc.addon.repository" name="PRF2 Repository">
    <dir>
        <info compressed="false">https://raw.githubusercontent.com/poiluepistache/repo/master/addons.xml</info>
        <checksum>https://raw.githubusercontent.com/Kodi-vStream/poiluepistache/repo/master/addons.xml.md5</checksum>
        <datadir zip="true">https://raw.githubusercontent.com/poiluepistache/repo/master/zips/</datadir>
    </dir>
   </extension>

    <extension
    point="kodi.resource.language"
    locale="fr_FR">
    <charsets>
      <gui>CP1252</gui>
      <subtitle>CP1252</subtitle>
    </charsets>
  <extension point="kodi.addon.metadata">
    <summary lang="en_GB">French language pack</summary>
    <description lang="en_GB">French version of all texts used in Kodi.</description>
    <platform>all</platform>
    <assets>
      <icon>icon.png</icon>
    </assets>
  </extension>

  </extension>
  <extension point="xbmc.service" library="service.py"/>
  <extension point="xbmc.addon.metadata">
    <!-- Set reuselanguageinvoker to false while developing the addon, making it only true for the production version -->
    <!-- See https://kodi.wiki/view/Addon.xml#.3Creuselanguageinvoker.3E -->
    <reuselanguageinvoker>true</reuselanguageinvoker>
    <summary lang="fr_FR">Catch-Up TV &amp; More : Replay TV, Live TV et bien plus encore.</summary>
    <description lang="fr_FR">Catch-Up TV &amp; More regroupe dans un même plugin Kodi l'ensemble des vidéos des différents services et chaînes de Replay TV (rattrapage TV) ainsi que l'accès au direct. De plus, cette extension vous permet d'accéder rapidement aux vidéos et contenus proposés par certains sites internet.</description>
    <disclaimer lang="fr_FR">Retours de bugs, propositions d'améliorations ou d'ajout de contenus sont les bienvenue ! GitHub ou e-mail.</disclaimer>
    <summary lang="en_GB">Catch-Up TV &amp; More: It's all in the title.</summary>
    <description lang="en_GB">Catch-Up TV &amp; More brings together in one Kodi add-on all the videos of the various services and channels of catch-up TV and live TV. Furthermore, this add-on allows you to quickly access the videos and content offered by certain websites.</description>
    <disclaimer lang="en_GB">Bug reports, suggestions for improvements or content additions are welcome! GitHub or e-mail.</disclaimer>
    <description lang="he_IL">ההרחבה מאפשרת לך להתעדכן בתוכן השידורים תוסף אחד של קודי מרכז את כל קטעי וידאו של שירותים שונים וערוצי תוכן משודר. בנוסף, תוספת זו מאפשרת לך לגשת במהירות לסרטונים ולתכנים המוצעים על ידי אתרים מסוימים.</description>
    <disclaimer lang="he_IL">דוחות שגיאה, הצעות לשיפור או תוספות תוכן יתקבלו בברכה! ל-GitHub או אימייל.</disclaimer>
    <summary lang="nl_NL">Catch-Up TV &amp; More: Replay tv, Live tv en meer.</summary>
    <description lang="nl_NL">Catch-Up TV &amp; More brengt replay en live tv van verschikkende diensten en kanalen samen in één Kodi add-on. Bovendien stelt deze add-on u instaat video's van bepaalde websites makkelijk te benaderen.</description>
    <disclaimer lang="nl_NL">Bug meldingen, suggesties ter verbetering of additionele inhouden zijn welkom! Via GitHub of e-mail.</disclaimer>

    <language></language>
    <platform>all</platform>
  </extension>
  
  <extension point="xbmc.python.pluginsource" library="default.py">
        <provides>executable</provides>
    </extension>
    <extension point="xbmc.addon.metadata">
        <summary lang="en">Skin Rayflix</summary>
        <description lang="en">Packages de Skin réalisé par Rayflix sur la monture du skin "Project Aura".</description>
        <disclaimer lang="en">En cas de bugs, propositions d'améliorations ou ajout de contenus, contactez-nous sur Discord.</disclaimer>
        <language>en</language>
        <platform>all</platform>
        <forum></forum>
        <website></website>
        <source></source>		
    </extension>
</addon>
